product,feature,description,data_required,preferred_source,fallback_source,complexity,product_value,data_confidence,paid_provider_required,dependencies,phase
Both,Source licence decisions,"Record written decisions on FPL API, football-data.co.uk and premierleague.com appointment pages","Terms pages, commercial status",Official terms pages,Legal advice,low,high,n/a,no,none,0
PLBookings,API-Football coverage validation,"Confirm Pro historical seasons, second-yellow encoding and whether PL referee field has returned",API-Football responses for 2 fixtures,API-Football,none,low,high,high,yes (existing Pro),none,0
PLBookings,ScoutingStats parity check,"Compare 2025-26 PL yellows, fouls and minutes per player between ScoutingStats and API-Football /players","players.minutes, cards.yellow, fouls.committed",API-Football /players,last committed pl_data.js,low,high,high,yes (existing Pro),none,0
PLBookings,Retire ScoutingStats PL form base,Switch PL desk form base to API-Football /players and delete SS_COOKIE,players season stats,API-Football /players,last committed pl_data.js,medium,high,high,yes (existing Pro),ScoutingStats parity check,1
PLBookings,Honest Sources panel,"List every source incl. API-Football, Plsimulator, appointment overlay; remove or disclose odds harvest","source list, fetched_at",Freshness log / build headers,static text,low,high,high,no,none,1
PLBookings,Per-chart source footers,"Show source, fetched time, coverage and sample size under every chart and table","source, fetched_at, coverage, n",Serving bundle sources[] block,build header stamps,low,high,high,no,Honest Sources panel,1
PLBookings,Referee not yet confirmed label,Show when referee factor defaults to 1.0 because no appointment exists,referee_assignments,Appointment overlay,none,low,medium,high,no,none,1
PLBookings,Card timing distribution,"Cards per 15-minute bin with separate 45+ and 90+ bins, by team, player and referee","match_events minute, extra_minute, type",API-Football /fixtures/events,football-data.co.uk (no timing),low,high,medium,yes (existing Pro),none,1
PLBookings,Match card event timeline,"Per-fixture timeline of cards, subs and score state","match_events, lineups",API-Football /fixtures/events,none,low,medium,high,yes (existing Pro),none,1
PLBookings,Responsible-use copy changes,"Remove edge/value wording, show negative expected return on accas, 18+ acknowledgement on /accas and tracker",copy only,n/a,n/a,low,high,n/a,no,none,1
PLBookings,Suspension watch refinements,"Cautions to next ban and matches to gate per player, with stated exclusions","season cautions, league ladder, fixtures remaining",API-Football + FPL yellow_cards,last committed bookings ledger,low,high,medium,yes (existing Pro),none,1
GameweekEdge,Align MCP price tool,Make fpl_price_predictions use price_change_percent like the app,price_change_percent,FPL bootstrap-static,logistic estimate labelled as ours,low,medium,high,no,none,1
GameweekEdge,MCP per-IP rate limit,Throttle /api/mcp and publish the limit,"request IP, counters",Netlify function,none,low,medium,n/a,no,none,1
GameweekEdge,Source and time footers on cards,Add data-as-of and source to transfer and captain cards,fetched_at per feed,noteData() timestamps,none,low,high,high,no,none,1
Both,Commit missing Supabase SQL,Add SQL files for tables used in code but not defined in repo,table definitions,Supabase project,none,low,medium,n/a,no,none,1
Both,Freshness log table,data_source_freshness_log written by every scheduled job,"job status, rows, errors, quota",Own jobs,workflow logs,low,high,high,no,Commit missing Supabase SQL,2
Both,Raw snapshot archive,Compressed raw payloads with raw_fetch_log index in Supabase Storage,"full payloads, sha256, fetched_at",Own jobs,git-committed bundles,medium,high,high,no,Freshness log table,2
Both,Shared resilient HTTP client,"Timeout, bounded jittered retry, Retry-After, circuit breaker and shape validation for all server fetches",n/a,GWE enrichment/http.js pattern,existing per-script fetch,medium,high,n/a,no,none,2
Both,Status panel,"Per-source last success, age and OK/Stale/Down from the serving bundle",sources[] block,Serving bundle,freshness.yml / live-check.yml,low,medium,high,no,Freshness log table,2
GameweekEdge,Daily FPL snapshot archive,bootstrap-static and fixtures captured at 02:15 UK and pre-deadline,"bootstrap-static, fixtures",FPL API,push-cron price_flow samples,low,high,high,no,Raw snapshot archive,2
PLBookings,Settled-fixture rule,"Fetch events, stats and line-ups once after 48h settlement and never again","fixture status, kickoff",API-Football,existing re-fetch,low,medium,high,yes (existing Pro),Raw snapshot archive,2
Both,Normalised tables,"fixtures, match_events, lineups, referee_assignments, player_availability, fpl_player_gameweek",per schema proposal,API-Football / FPL,serving bundles,high,high,high,PLB yes (existing Pro); GWE no,Raw snapshot archive,2
GameweekEdge,Explainable transfer and captain cards,"Evidence list, caveats and source timestamps behind every recommendation","xP, ep_next, fixtures, chance_of_playing, xG, xA, minutes",FPL API + own model,FPL ep_next only,medium,high,medium,no,Source and time footers on cards,3
GameweekEdge,Minutes and availability risk signal,Band (low/medium/high) for start probability,"status, chance_of_playing, news_added, starts, minutes, scout_risks",FPL API,FPL status only,medium,high,medium,no,Daily FPL snapshot archive,3
GameweekEdge,Captaincy comparison with spread,"Show points distribution, not only the mean, with EO estimate","pointsDist, fixture, penalties order, ownership",Own model + FPL,mean xP,low,high,medium,no,none,3
GameweekEdge,Price and ownership movement context,7-day price and ownership deltas with FPL's own figure labelled,"now_cost, selected_by_percent, transfers_in/out_event, price_change_percent",FPL API + archive,push-cron price_flow,low,medium,medium,no,Daily FPL snapshot archive,3
GameweekEdge,"Form, points and value trends","Points per 90, xG/xA and value trends with sample sizes","per-GW points, minutes, xG, xA, price",FPL element-summary + archive,vaastav history,medium,medium,medium,no,Daily FPL snapshot archive,3
GameweekEdge,Fixture-run planner windows,Selectable N-gameweek windows with blanks and doubles,"fixtures, team ratings",FPL API + PL Simulator bundle,FPL FDR,low,medium,medium,no,none,3
GameweekEdge,Transfer comparison and shortlists,Side-by-side comparison over N gameweeks with caveats,"player fields, xP horizon, price",FPL API + own model,FPL ep_next,low,medium,medium,no,Explainable transfer and captain cards,3
GameweekEdge,Deadline and live-status strip,"Countdown, live state and bonus confirmation status","deadline_time, event-status",FPL API,last snapshot,low,medium,high,no,none,1
GameweekEdge,Set-piece and penalty context,Penalty and set-piece orders with last-updated date,"*_order, penalties_text, set-piece notes",FPL API,none,low,medium,medium,no,none,1
GameweekEdge,Projection backtest view,Archived projections vs actual points with error bands,"archived projections, live points",Own ledger + FPL,vaastav walk-forward,medium,medium,medium,no,Daily FPL snapshot archive,3
PLBookings,Team and player booking dashboards,Selectable last 5 / last 10 / season windows with per-90 rates and confidence badges,"player_match_stats, team_match_stats, minutes",API-Football,football-data.co.uk team totals,medium,high,medium,yes (existing Pro),Normalised tables,3
PLBookings,Referee discipline profiles,"Shrunk yellow, red and foul rates, cards per foul, home share, n and badge","referee_assignments, team_match_stats, match_events",API-Football + referee history,football-data.co.uk (licence permitting),medium,high,medium,yes (existing Pro),Normalised tables; licence decision,3
PLBookings,Foul-to-card conversion,"Yellows per foul by player, team and referee from one provider","fouls_committed, yellows",API-Football /fixtures/players,none,low,medium,medium,yes (existing Pro),Normalised tables,3
PLBookings,Home/away splits,Venue split of team and player discipline with sample sizes,"venue flag, cards, minutes",API-Football,none,low,medium,low,yes (existing Pro),Team and player booking dashboards,3
PLBookings,Opponent and match-state context,"Opponent foul rate, derby flag and chase factor shown as context","opponent stats, derby list, Dixon-Coles result share",Own data + PL Simulator,none,medium,medium,low,yes (existing Pro),Normalised tables,3
PLBookings,Backtest view with sample guards,"Reliability bins, Brier and counts per bin with intervals and no edge claims","plb_match_predictions, outcomes",Supabase,backtest_report.md,medium,medium,medium,no,Normalised tables,3
PLBookings,Referee appointment provenance,"Store source URL, captured_at and confidence for every appointment","referee, fixture, source_url",Official announcement overlay,API-Football referee field,low,high,medium,no,Source licence decisions,2
PLBookings,Read-only PLBookings MCP,Expose referee profiles and suspension watch via GWE's JSON-RPC pattern,derived metrics,Own derived tables,none,medium,low,medium,no,Referee discipline profiles,4
Both,sportsdata-mcp research set-up,"Pinned v0.33.0 with FPL groups only, optional apisports on a dev key",n/a,sportsdata-mcp,GameweekEdge MCP,low,low,n/a,no,Source licence decisions,4
